Name,Sequence,w2_preds_LLw302
A1-LCD-WT,GSMASASSSQRGRSGSGNFGGGRGGGFGGNDNFGRGGNFSGRGGFGGSRGGGGYGGSGDGYNGFGNDGSNFGGGGSYNDFGNYNNQSSNFGPMKGGNFGGRSSGGSGGGGQYFAKPRNQGGYGGSSSSSSYGSGRRF,-0.34790447
A1-LCD+7F-7Y,GSMASASSSQRGRSGSGNFGGGRGGGFGGNDNFGRGGNFSGRGGFGGSRGGGGFGGSGDGFNGFGNDGSNFGGGGSFNDFGNFNNQSSNFGPMKGGNFGGRSSGGSGGGGQFFAKPRNQGGFGGSSSSSSFGSGRRF,-0.312672
A1-LCD-12F+12Y,GSMASASSSQRGRSGSGNYGGGRGGGYGGNDNYGRGGNYSGRGGYGGSRGGGGYGGSGDGYNGYGNDGSNYGGGGSYNDYGNYNNQSSNYGPMKGGNYGGRSSGGSGGGGQYYAKPRNQGGYGGSSSSSSYGSGRRY,-0.38825116
FUS-WT,MASNDYTQQATQSYGAYPTQPGQGYSQQSSQPYGQQSYSGYSQSTDTSGYGQSSYSSYGQSQNTGYGTQSTPQGYGSTGGYGSSQSSQSSYGQQSSYPGYGQQPAPSSTSGSYGSSSQSSSYGQPQSGSYSQQPSYGGQQQSYGQQQSYNPPQGYGQQNQYNS,-0.23405018
FUS-6E,MASNDYTQQATQSYGAYPTQPGQGYEQQSEQPYGQQSYSGYSQSTDTSGYGQSSYSSYGQSQNTGYGEQSTPQGYGSTGGYGSEQSEQSSYGQQSSYPGYGQQPAPSSTSGSYGSSEQSSSYGQPQSGSYSQQPSYGGQQQSYGQQQSYNPPQGYGQQNQYNS,-0.26151404
FUS-6E',MASNDYTQQATQSYGAYPEQPGQGYEQQSEQPYGQQSYSGYEQSTDTSGYGQSSYSSYGQEQNTGYGTQSTPQGYGSTGGYGSEQSSQSSYGQQSSYPGYGQQPAPSSTSGSYGSSSQSSSYGQPQSGSYSQQPSYGGQQQSYGQQQSYNPPQGYGQQNQYNS,-0.26754853
FUS-6E*,MASNDYEQQATQSYGAYPTQPGQGYEQQSSQPYGQQSYSGYSQSTDTSGYGQSSYSSYGQSQNTGYGTQSTPQGYGSTGGYGSEQSEQSSYGQQSSYPGYGQQPAPSSTSGSYGSSEQSSSYGQPQSGSYEQQPSYGGQQQSYGQQQSYNPPQGYGQQNQYNS,-0.26580307
FUS-Y2S,MASNDSTQQATQSSGASPTQPGQGSSQQSSQPSGQQSSSGSSQSTDTSGSGQSSSSSSGQSQNTGSGTQSTPQGSGSTGGSGSSQSSQSSSGQQSSSPGSGQQPAPSSTSGSSGSSSQSSSSGQPQSGSSSQQPSSGGQQQSSGQQQSSNPPQGSGQQNQSNS,0.044669062
FUS-12E,MASNDYEQQAEQSYGAYPEQPGQGYEQQSEQPYGQQSYSGYEQSTDTSGYGQSSYSSYGQEQNTGYGEQSTPQGYGSTGGYGSEQSEQSSYGQQSSYPGYGQQPAPSSTSGSYGSSEQSSSYGQPQSGSYEQQPSYGGQQQSYGQQQSYNPPQGYGQQNQYNS,-0.3302501
RLP_Y=.06_V=.06 ,SKGPGRGDSPYSGRGDSPVSGRGDSPYSGRGDSPVSGRGDSPYSGRGDSPVSGRGDSPYSGRGDSPVSGRGDSPYSGRGDSPVSGRGDSPYSGRGDSPVSGRGDSPYSGRGDSPVSGRGDSPYSGRGDSPVSGRGDSPYSGRGDSPVSGRGDSPYSGRGDSPVSGRGDSPYSGRGDSPVSGRGDSPYSGRGDSPVSGRGDSPYSGRGDSPVSGRGDSPYSGRGDSPVSGRGDSPYSGRGDSPVSGRGDSPYSGRGDSPVSGRGDSPYSGRGDSPVSGRGDSPYSGRGDSPVSGRGDSPYSGRGDSPVSGRGDSPYSGRGDSPVSGY,-0.14956477
RLP_Y=.1_V=.03,SKGPGRGDSPYSGRGDSPYSGRGDSPYSGRGDSPVSGRGDSPYSGRGDSPYSGRGDSPYSGRGDSPVSGRGDSPYSGRGDSPYSGRGDSPYSGRGDSPVSGRGDSPYSGRGDSPYSGRGDSPYSGRGDSPVSGRGDSPYSGRGDSPYSGRGDSPYSGRGDSPVSGRGDSPYSGRGDSPYSGRGDSPYSGRGDSPVSGRGDSPYSGRGDSPYSGRGDSPYSGRGDSPVSGRGDSPYSGRGDSPYSGRGDSPYSGRGDSPVSGRGDSPYSGRGDSPYSGRGDSPYSGRGDSPVSGRGDSPYSGRGDSPYSGRGDSPYSGRGDSPVSGY,-0.22338626
RLP_Y=.13_V=0.0,SKGPGRGDSPYSGRGDSPYSGRGDSPYSGRGDQPYQGRGDSPYSGRGDSPYSGRGDSPYSGRGDQPYQGRGDSPYSGRGDSPYSGRGDSPYSGRGDQPYQGRGDSPYSGRGDSPYSGRGDSPYSGRGDQPYQGRGDSPYSGRGDSPYSGRGDSPYSGRGDQPYQGRGDSPYSGRGDSPYSGRGDSPYSGRGDQPYQGRGDSPYSGRGDSPYSGRGDSPYSGRGDQPYQGRGDSPYSGRGDSPYSGRGDSPYSGRGDQPYQGRGDSPYSGRGDSPYSGRGDSPYSGRGDQPYQGRGDSPYSGRGDSPYSGRGDSPYSGRGDQPYQGY,-0.28378
RLP_Y=.13_V=0.0,SKGPGRGDSPYSGRGDQPYQGRGDSPYSGRGDQPYQGRGDSPYSGRGDQPYQGRGDSPYSGRGDQPYQGRGDSPYSGRGDQPYQGRGDSPYSGRGDQPYQGRGDSPYSGRGDQPYQGRGDSPYSGRGDQPYQGRGDSPYSGRGDQPYQGRGDSPYSGRGDQPYQGRGDSPYSGRGDQPYQGRGDSPYSGRGDQPYQGRGDSPYSGRGDQPYQGRGDSPYSGRGDQPYQGRGDSPYSGRGDQPYQGRGDSPYSGRGDQPYQGRGDSPYSGRGDQPYQGRGDSPYSGRGDQPYQGRGDSPYSGRGDQPYQGRGDSPYSGRGDQPYQGY,-0.27687773
RLP_Y=.13_V=0.0,SKGPGRGDQPYQGRGDQPYQGRGDQPYQGRGDSPYSGRGDQPYQGRGDQPYQGRGDQPYQGRGDSPYSGRGDQPYQGRGDQPYQGRGDQPYQGRGDSPYSGRGDQPYQGRGDQPYQGRGDQPYQGRGDSPYSGRGDQPYQGRGDQPYQGRGDQPYQGRGDSPYSGRGDQPYQGRGDQPYQGRGDQPYQGRGDSPYSGRGDQPYQGRGDQPYQGRGDQPYQGRGDSPYSGRGDQPYQGRGDQPYQGRGDQPYQGRGDSPYSGRGDQPYQGRGDQPYQGRGDQPYQGRGDSPYSGRGDQPYQGRGDQPYQGRGDQPYQGRGDSPYSGY,-0.26010668
TDP-43_LCD_WT,KHNSNRQLERSGRFGGNPGGFGNQGGFGNSRGGGAGLGNNQGSNMGGGMNFGAFSINPAMMAAAQAALQSSWGMMGMLASQQNQSGPSGNNQNQGNMQREPNQAFGSGNNSYSGSNSGAAIGWGSASNAGSGSGFNGGFGSSMDSKSSGWGM,-0.1488061
TDP-43_LCD_VLIM-F,KHNSNRQFERSGRFGGNPGGFGNQGGFGNSRGGGAGFGNNQGSNFGGGFNFGAFSFNPAMMAAAQAALQSSWGMMGMLASQQNQSGPSGNNQNQGNFQREPNQAFGSGNNSYSGSNSGAAFGWGSASNAGSGSGFNGGFGSSFDSKSSGWGF,-0.21055762
TDP-43-LCD_W385G,KHNSNRQLERSGRFGGNPGGFGNQGGFGNSRGGGAGLGNNQGSNMGGGMNFGAFSINPAMMAAAQAALQSSWGMMGMLASQQNQSGPSGNNQNQGNMQREPNQAFGSGNNSYSGSNSGAAIGGGSASNAGSGSGFNGGFGSSMDSKSSGWGM,-0.13680525
TDP-43_LCD_FYW-L,KHNSNRQLERSGRLGGNPGGLGNQGGLGNSRGGGAGLGNNQGSNMGGGMNLGALSINPAMMAAAQAALQSSWGMMGMLASQQNQSGPSGNNQNQGNMQREPNQALGSGNNSLSGSNSGAAIGLGSASNAGSGSGLNGGLGSSMDSKSSGLGM,-0.08521357
TDP-43_LCD_VLIM-S,KHNSNRQSERSGRFGGNPGGFGNQGGFGNSRGGGAGSGNNQGSNSGGGSNFGAFSSNPAMMAAAQAALQSSWGMMGMLASQQNQSGPSGNNQNQGNSQREPNQAFGSGNNSYSGSNSGAASGWGSASNAGSGSGFNGGFGSSSDSKSSGWGS,-0.13947238
TDP-43_LCD_F-S,KHNSNRQLERSGRSGGNPGGSGNQGGSGNSRGGGAGLGNNQGSNMGGGMNSGASSINPAMMAAAQAALQSSWGMMGMLASQQNQSGPSGNNQNQGNMQREPNQASGSGNNSYSGSNSGAAIGWGSASNAGSGSGSNGGSGSSMDSKSSGWGM,-0.089303896
TDP-43_LCD_FYW-S,KHNSNRQLERSGRSGGNPGGSGNQGGSGNSRGGGAGLGNNQGSNMGGGMNSGASSINPAMMAAAQAALQSSWGMMGMLASQQNQSGPSGNNQNQGNMQREPNQASGSGNNSSSGSNSGAAIGSGSASNAGSGSGSNGGSGSSMDSKSSGSGM,-0.053069234
hnRNPA_WT,GSMASASSSQRGRSGSGNFGGGRGGGFGGNDNFGRGGNFSGRGGFGGSRGGGGYGGSGDGYNGFGNDGSNFGGGGSYNDFGNYNNQSSNFGPMKGGNFGGRSSGGSGGGGQYFAKPRNQGGYGGSSSSSSYGSGRRF,-0.34790447
hnRNPA_Aro+,GSMAFASSFQRGRYGSGNFGGGRGGGFGGNDNFGRGGNFSGRGGFGGSRGGGGYGGSGDGYNGFGNDGSNFGGGGSYNDFGNYNNQSSNFGPMKGGNFGGRSSGGSYGGGQYFAKPRNQGGYGGSSFSSSYGSGRRF,-0.3897832
hnRNPA_Aro-,GSMASASSSQRGRSGSGNSGGGRGGGFGGNDNFGRGGNSSGRGGFGGSRGGGGYGGSGDGYNGFGNDGSNSGGGGSSNDFGNYNNQSSNFGPMKGGNFGGRSSGGSGGGGQYSAKPRNQGGYGGSSSSSSSGSGRRF,-0.29146364
hnRNPA_Aro--,GSMASASSSQRGRSGSGNSGGGRGGGFGGNDNSGRGGNSSGRGGFGGSRGGGGSGGSGDGYNGSGNDGSNSGGGGSSNDFGNSNNQSSNSGPMKGGNFGGRSSGGSGGGGQYSAKPRNQGGSGGSSSSSSSGSGRRS,-0.22101018
ddx4n1,MGDEDWEAEINPHMSSYVPIFEKDRYSGENGDNFNRTPASSSEMDDGPSRRDHFMKSGFASGRNFGNRDAGECNKRDNTSTMGGFGVGKSFGNRGFSNSRFEDGDSSGFWRESSNDCEDNPTRNRGFSKRGGYRDGNNSEASGPYRRGGRGSFRGCRGGFGLGSPNNDLDPDECMQRTGGLFGSRRPVLSGTGNGDTSQSRSGSGSERGGYKGLNEEVITGSGKNSWKSEAEGGES,-0.17511663
ddx4n1-CS,MGDRDWRAEINPHMSSYVPIFEKDRYSGENGRNFNDTPASSSEMRDGPSERDHFMKSGFASGDNFGNRDAGKCNERDNTSTMGGFGVGKSFGNEGFSNSRFERGDSSGFWRESSNDCRDNPTRNDGFSDRGGYEKGNNSEASGPYERGGRGSFDGCRGGFGLGSPNNRLDPRECMQRTGGLFGSDRPVLSGTGNGDTSQSRSGSGSERGGYKGLNEKVITGSGENSWKSEARGGES,-0.04457334
